system,chemistry,kind,label,n_frames,natoms,rho_gcc,in_lite_corpus,figure,dmin_min,dmin_mean,dmin_gate_pass,rpeak_Ge-Ge,gpeak_Ge-Ge,fwhm_Ge-Ge,rpeak_Ge-O,gpeak_Ge-O,fwhm_Ge-O,rpeak_O-O,gpeak_O-O,fwhm_O-O,cnmean_Ge,cn4_Ge,cn6_Ge,cn7_Ge,cnmean_O,cn4_O,cn6_O,cn7_O,source,note,rpeak_Ti-Ti,gpeak_Ti-Ti,fwhm_Ti-Ti,rpeak_Ti-Ge,gpeak_Ti-Ge,fwhm_Ti-Ge,rpeak_Ti-O,gpeak_Ti-O,fwhm_Ti-O,cnmean_Ti,cn4_Ti,cn6_Ti,cn7_Ti,rpeak_Hf-Hf,gpeak_Hf-Hf,fwhm_Hf-Hf,rpeak_Hf-O,gpeak_Hf-O,fwhm_Hf-O,cnmean_Hf,cn4_Hf,cn6_Hf,cn7_Hf
GeO2m,GeO2,generated,GeO2m_r0,1,360,3.746,,,1.6943,1.6943,True,3.15,4.6421,0.2981,1.77,21.4884,0.1026,2.89,5.6593,0.2482,4.0417,0.9583,0.0,0.0,2.0208,0.0,0.0,0.0,generated,,,,,,,,,,,,,,,,,,,,,,,,
GeO2m,GeO2,generated,GeO2m_r1,1,360,3.746,,,1.7189,1.7189,True,3.23,4.6014,0.31,1.77,22.3881,0.1015,2.87,5.7303,0.2455,4.0333,0.9667,0.0,0.0,2.0167,0.0,0.0,0.0,generated,,,,,,,,,,,,,,,,,,,,,,,,
GeO2m,GeO2,generated,GeO2m_r2,1,360,3.746,,,1.7086,1.7086,True,3.23,4.6103,0.2873,1.77,21.3724,0.1029,2.87,5.9589,0.2234,4.075,0.925,0.0,0.0,2.0375,0.0,0.0,0.0,generated,,,,,,,,,,,,,,,,,,,,,,,,
GeO2m,GeO2,DFT,GeO2_relax_0K,10,360,3.7459,True,main,1.7284,1.729,True,3.15,4.6539,0.2921,1.77,22.8867,0.1008,2.89,5.1014,0.2779,4.0417,0.9583,0.0,0.0,2.0208,0.0,0.0,0.0,<dft-archive>/07_trainingset2/GeO/relax/s00_08_GeO_relax_300K/vasprun.xml,"IBRION=2 ISIF=2 ENCUT520 relaxation of the 360-atom melt-quenched a-GeO2 (origin mp-7812 melt-quench, NOT model-seeded); last 10 ionic steps; rho 3.746; epa -6.3414 = the paper's training minimum",,,,,,,,,,,,,,,,,,,,,,,
GeO2m,GeO2,DFT,GeO2_MD_10to300K,1000,360,3.7459,True,finiteT,1.6722,1.7125,True,3.17,3.9466,0.3485,1.77,22.284,0.1022,2.89,4.5252,0.3251,4.0425,0.9607,0.0032,0.0,2.0212,0.0,0.0,0.0,<dft-archive>/07_trainingset2/GeO/md_nvt/s00_08_GeO_300K_MD/vasprun.xml,"IBRION=0 SMASS=0 Nose NVT, POTIM 1 fs, NSW 1000 (1 ps), TEBEG 10 -> TEEND 300 K: a HEATING RAMP, not isothermal 300 K. 360 atoms, all 1000 frames. This is the reference behind paper Fig. 8.",,,,,,,,,,,,,,,,,,,,,,,
GeO2,,generated,GeO2_r0,1,360,3.65,,,1.6886,1.6886,True,3.19,4.5323,0.3191,1.77,21.5519,0.1034,2.85,5.6852,0.2323,4.0583,0.9417,0.0,0.0,2.0292,0.0,0.0,0.0,generated,,,,,,,,,,,,,,,,,,,,,,,,
GeO2,GeO2,generated,GeO2_r1,1,360,3.65,,,1.6952,1.6952,True,3.19,4.8897,0.3189,1.77,21.6855,0.103,2.89,5.8941,0.2186,4.0583,0.9417,0.0,0.0,2.0292,0.0,0.0,0.0,generated,,,,,,,,,,,,,,,,,,,,,,,,
GeO2,GeO2,generated,GeO2_r2,1,360,3.65,,,1.7017,1.7017,True,3.19,4.6525,0.2813,1.77,22.6245,0.1021,2.87,5.8961,0.23,4.0417,0.9583,0.0,0.0,2.0208,0.0,0.0,0.0,generated,,,,,,,,,,,,,,,,,,,,,,,,
GeO2,GeO2,DFT,GeO2_comp00_0K,10,300,3.683,False,aux,1.7173,1.7181,True,3.27,4.371,0.3288,1.77,22.9645,0.1009,2.87,5.268,0.2786,4.02,0.98,0.0,0.0,2.01,0.0,0.0,0.0,<dft-archive>/07_trainingset2/GeO/relax/s04_vasp_relax_comp_00_001/vasprun.xml,"300-atom Ge100O200 DFT relaxation, rho 3.683, epa -6.3330, last 10 ionic steps; NOT in the lite corpus",,,,,,,,,,,,,,,,,,,,,,,
GeO2big,GeO2,generated,GeO2big_r0,1,3000,3.65,,,1.6686,1.6686,True,3.25,4.312,0.3152,1.77,22.5312,0.102,2.89,5.6384,0.2481,4.035,0.965,0.0,0.0,2.0175,0.0,0.0,0.0,generated,,,,,,,,,,,,,,,,,,,,,,,,
TiGeO,TiGeO,generated,TiGeO_r0,1,300,3.7,,,1.6998,1.6998,True,3.31,4.0884,0.281,1.77,18.2854,0.1062,2.87,4.3538,0.3025,4.1071,0.8929,0.0,0.0,2.26,0.0,0.0,0.0,generated,,3.57,4.0802,0.2182,3.47,3.954,0.3787,1.85,11.2949,0.1621,5.0455,0.1818,0.2273,0.0,,,,,,,,,,
TiGeO,TiGeO,generated,TiGeO_r1,1,300,3.7,,,1.6927,1.6927,True,3.21,4.7692,0.1721,1.77,17.7703,0.1081,2.91,4.1504,0.3442,4.1429,0.8571,0.0,0.0,2.275,0.0,0.0,0.0,generated,,3.53,3.0439,0.3792,3.47,4.6362,0.3509,1.83,10.6917,0.1472,5.0682,0.2045,0.2727,0.0,,,,,,,,,,
TiGeO,TiGeO,generated,TiGeO_r2,1,300,3.7,,,1.6855,1.6855,True,3.15,4.3181,0.2375,1.77,18.5625,0.1072,2.87,4.2022,0.3623,4.0714,0.9464,0.0179,0.0,2.245,0.0,0.0,0.0,generated,,3.63,3.9519,0.2307,3.41,4.8036,0.304,1.83,12.9209,0.1172,5.0227,0.2273,0.25,0.0,,,,,,,,,,
TiGeO,TiGeO,DFT,TiGeO_720atom_0K,10,720,3.6998,False,main,1.715,1.7152,True,3.19,4.3196,0.1887,1.77,19.5336,0.1036,2.87,4.4702,0.321,4.037,0.963,0.0,0.0,2.2485,0.0,0.0,0.0,<dft-archive>/07_trainingset2/TiGeO/relax/s00_07_TiGeO_01_relax_002_720_44_0_3.7_135_480_105_0_1000ps_01_DFT_relax/vasprun.xml,"the paper's Fig. 9 reference: 720-atom Ti105Ge135O480 (43.75% Ti) DFT relaxation at rho 3.701, epa -7.4249, last 10 ionic steps; NOT in the lite corpus",3.45,3.1859,0.4146,3.51,5.3337,0.3123,1.83,10.9743,0.1436,5.0886,0.1524,0.241,0.0,,,,,,,,,,
TiO2m,TiO2,generated,TiO2m_r0,1,300,2.66,,,1.7489,1.7489,True,,,,,,,2.97,4.5645,0.295,,,,,2.28,0.0,0.0,0.0,generated,,3.59,3.7592,0.3495,,,,1.83,16.5155,0.1191,4.56,0.48,0.04,0.0,,,,,,,,,,
TiO2m,TiO2,generated,TiO2m_r1,1,300,2.66,,,1.7376,1.7376,True,,,,,,,2.93,4.0278,0.3712,,,,,2.305,0.005,0.0,0.0,generated,,3.59,3.9377,0.3052,,,,1.83,14.8281,0.1265,4.61,0.47,0.08,0.0,,,,,,,,,,
TiO2m,TiO2,generated,TiO2m_r2,1,300,2.66,,,1.732,1.732,True,,,,,,,2.95,4.2004,0.3438,,,,,2.325,0.025,0.0,0.0,generated,,3.59,3.3833,0.3602,,,,1.83,16.399,0.1124,4.65,0.45,0.1,0.0,,,,,,,,,,
TiO2m,TiO2,DFT,TiO2_relax11_0K,10,240,2.66,False,main,1.7376,1.7387,True,,,,,,,2.95,4.0746,0.3679,,,,,2.3375,0.0,0.0,0.0,<dft-archive>/07_trainingset2/TiO/relax/s10_relax11_r11_TiO_sb18_r28k0x0/vasprun.xml,"240-atom Ti80O160 DFT relaxation at rho 2.660, epa -8.8542 (the ENERGY_REFERENCES relax11 a-TiO2 record); last 10 ionic steps; NOT in the lite corpus. CAVEAT: the seed was a diffusion-generated cell, so this is a DFT inherent structure whose basin was model-chosen",3.63,4.0021,0.3438,,,,1.83,14.3751,0.1274,4.675,0.4125,0.0875,0.0,,,,,,,,,,
TiO2,TiO2,generated,TiO2_r0,1,300,2.7,,,1.7461,1.7461,True,,,,,,,2.95,4.3625,0.3476,,,,,2.295,0.01,0.0,0.0,generated,,3.57,4.0464,0.2781,,,,1.83,15.8956,0.1211,4.59,0.49,0.08,0.0,,,,,,,,,,
TiO2,TiO2,generated,TiO2_r1,1,300,2.7,,,1.7103,1.7103,True,,,,,,,2.93,3.8652,0.361,,,,,2.335,0.01,0.0,0.0,generated,,3.51,3.9934,0.2913,,,,1.83,13.9619,0.1368,4.67,0.42,0.09,0.0,,,,,,,,,,
TiO2,TiO2,generated,TiO2_r2,1,300,2.7,,,1.7264,1.7264,True,,,,,,,2.91,4.4245,0.3369,,,,,2.325,0.01,0.0,0.0,generated,,3.59,4.6155,0.2591,,,,1.83,14.7917,0.1212,4.65,0.47,0.12,0.0,,,,,,,,,,
TiO2,TiO2,DFT,TiO2_relax13_0K,10,240,2.68,True,aux,1.7204,1.7213,True,,,,,,,2.93,4.47,0.3214,,,,,2.3375,0.0125,0.0,0.0,<dft-archive>/07_trainingset2/TiO/relax/s10_relax13_r13_TiO_sb18_r16k1x0/vasprun.xml,"240-atom Ti80O160 DFT relaxation at rho 2.680, epa -8.8548 (the campaign a-TiO2 AMF); last 10 ionic steps; IS in the lite corpus",3.53,4.0077,0.3513,,,,1.83,15.7808,0.1131,4.675,0.45,0.125,0.0,,,,,,,,,,
HfO2,HfO2,generated,HfO2_r0,1,300,9.4,,,1.9099,1.9099,True,,,,,,,2.69,2.7167,0.7051,,,,,3.28,0.29,0.0,0.0,generated,,,,,,,,,,,,,,,3.33,3.5174,0.3917,2.09,9.5282,0.1849,6.56,0.0,0.42,0.48
HfO2,HfO2,generated,HfO2_r1,1,300,9.4,,,1.8853,1.8853,True,,,,,,,2.59,2.9856,0.6291,,,,,3.31,0.315,0.0,0.0,generated,,,,,,,,,,,,,,,3.35,3.591,0.557,2.11,8.9198,0.2098,6.62,0.0,0.39,0.51
HfO2,HfO2,generated,HfO2_r2,1,300,9.4,,,1.9104,1.9104,True,,,,,,,2.67,2.7507,0.5828,,,,,3.34,0.34,0.0,0.0,generated,,,,,,,,,,,,,,,3.35,3.5897,0.3806,2.13,9.1941,0.1972,6.68,0.0,0.38,0.53
HfO2,HfO2,DFT,HfO2_relax11_0K,10,240,9.4,False,main,1.9063,1.9097,True,,,,,,,2.61,2.6835,0.6157,,,,,3.335,0.3412,0.0,0.0,<dft-archive>/07_trainingset2/HfO/relax/s10_relax11_r11_HfO_sb17_r11k0x0/vasprun.xml,"240-atom Hf80O160 DFT relaxation at rho 9.400, epa -10.9348 (the ENERGY_REFERENCES relax11 a-HfO2 value); last 10 ionic steps; NOT in the lite corpus. Same model-seeded-basin caveat as TiO2",,,,,,,,,,,,,,3.45,4.0333,0.3399,2.09,9.5203,0.1958,6.67,0.0,0.3425,0.6075
HfO2m,HfO2,generated,HfO2m_r0,1,300,8.897,,,1.9071,1.9071,True,,,,,,,2.71,2.3846,0.7501,,,,,3.175,0.23,0.0,0.0,generated,,,,,,,,,,,,,,,3.37,2.9165,0.9326,2.09,10.2593,0.1775,6.35,0.0,0.6,0.3
HfO2m,HfO2,generated,HfO2m_r1,1,300,8.897,,,1.9038,1.9038,True,,,,,,,2.85,2.6342,0.6908,,,,,3.145,0.205,0.0,0.0,generated,,,,,,,,,,,,,,,3.75,3.0283,0.3785,2.11,8.5031,0.2319,6.29,0.0,0.6,0.33
HfO2m,HfO2,generated,HfO2m_r2,1,300,8.897,,,1.9059,1.9059,True,,,,,,,2.65,2.6699,0.7392,,,,,3.165,0.195,0.0,0.0,generated,,,,,,,,,,,,,,,3.77,2.9484,0.814,2.09,10.0965,0.1811,6.33,0.0,0.58,0.33
HfO2m,HfO2,DFT,HfO2_inherent_0K,20,96,8.9,False,aux,1.8611,1.8627,True,,,,,,,2.63,3.7202,0.3436,,,,,3.3805,0.4586,0.0,0.0,<dft-archive>/07_trainingset2/HfO/relax/s00_16_HfO_03_best_aHfO2_03_md_relax_s01/vasprun.xml;<dft-archive>/07_trainingset2/HfO/relax/s00_16_HfO_03_best_aHfO2_03_md_relax_s02/vasprun.xml;<dft-archive>/07_trainingset2/HfO/relax/s00_16_HfO_03_best_aHfO2_03_md_relax_s04/vasprun.xml;<dft-archive>/07_trainingset2/HfO/relax/s00_16_HfO_03_best_aHfO2_03_md_relax_s05/vasprun.xml,"four independent DFT relaxations (IBRION=2) of snapshots of the same 96-atom 300 K a-HfO2 Langevin MD, rho 8.900, last 5 ionic steps of each = 20 frames; these are the 0 K inherent structures OF the finite-T reference, at the same density, and NONE of s01/s02/s04/s05 is in the lite corpus",,,,,,,,,,,,,,3.45,4.993,0.2399,2.09,10.3651,0.1727,6.7609,0.0,0.2922,0.4062
HfO2m,HfO2,DFT,HfO2_MD_300K,1000,96,8.9,True,finiteT,1.7935,1.8617,True,,,,,,,2.63,2.8058,0.6297,,,,,3.3782,0.4446,0.0064,0.0,<dft-archive>/07_trainingset2/HfO/md_nvt/s00_16_HfO_03_best_aHfO2_02_md_300K/vasprun.xml,"IBRION=0 MDALGO=3 Langevin, TEBEG=TEEND=300 K, POTIM 1 fs, NSW 3000 (3 ps): genuine isothermal 300 K. Hf32O64 (96 atoms), rho 8.897, every 3rd frame = 1000 frames",,,,,,,,,,,,,,3.41,3.9844,0.5007,2.09,7.839,0.2517,6.7564,0.0014,0.3311,0.4831
